﻿<?xml version="1.0" encoding="utf-8"?>
<TextureAtlas imagePath="NOTE_assets.png">
	<!-- Created with Adobe Animate version 21.0.6.41649 -->
	<!-- http://www.adobe.com/products/animate.html -->
	<SubTexture name="arrowDOWN0000" x="0" y="0" width="141" height="145"/>
	<SubTexture name="arrowLEFT0000" x="141" y="0" width="146" height="141"/>
	<SubTexture name="arrowRIGHT0000" x="287" y="0" width="146" height="141"/>
	<SubTexture name="arrowUP0000" x="433" y="0" width="141" height="146"/>
	<SubTexture name="blue0000" x="574" y="0" width="141" height="146"/>
	<SubTexture name="blue hold end0000" x="715" y="0" width="49" height="63"/>
	<SubTexture name="blue hold piece0000" x="764" y="0" width="52" height="46"/>
	<SubTexture name="down confirm0000" x="816" y="0" width="141" height="146"/>
	<SubTexture name="down confirm0001" x="816" y="0" width="141" height="146"/>
	<SubTexture name="down confirm0002" x="0" y="146" width="141" height="146"/>
	<SubTexture name="down confirm0003" x="0" y="146" width="141" height="146"/>
	<SubTexture name="down press0000" x="141" y="146" width="141" height="146"/>
	<SubTexture name="down press0001" x="141" y="146" width="141" height="146"/>
	<SubTexture name="down press0002" x="282" y="146" width="141" height="146"/>
	<SubTexture name="down press0003" x="282" y="146" width="141" height="146"/>
	<SubTexture name="green0000" x="423" y="146" width="141" height="146"/>
	<SubTexture name="green hold end0000" x="564" y="146" width="51" height="62"/>
	<SubTexture name="green hold piece0000" x="615" y="146" width="51" height="45"/>
	<SubTexture name="left confirm0000" x="666" y="146" width="141" height="146"/>
	<SubTexture name="left confirm0001" x="666" y="146" width="141" height="146"/>
	<SubTexture name="left confirm0002" x="807" y="146" width="141" height="146"/>
	<SubTexture name="left confirm0003" x="807" y="146" width="141" height="146"/>
	<SubTexture name="left press0000" x="0" y="292" width="141" height="146"/>
	<SubTexture name="left press0001" x="0" y="292" width="141" height="146"/>
	<SubTexture name="left press0002" x="141" y="292" width="141" height="146"/>
	<SubTexture name="left press0003" x="141" y="292" width="141" height="146"/>
	<SubTexture name="left press0004" x="141" y="292" width="141" height="146"/>
	<SubTexture name="left press0005" x="141" y="292" width="141" height="146"/>
	<SubTexture name="left press0006" x="141" y="292" width="141" height="146"/>
	<SubTexture name="left press0007" x="141" y="292" width="141" height="146"/>
	<SubTexture name="left press0008" x="141" y="292" width="141" height="146"/>
	<SubTexture name="left press0009" x="141" y="292" width="141" height="146"/>
	<SubTexture name="left press0010" x="141" y="292" width="141" height="146"/>
	<SubTexture name="left press0011" x="141" y="292" width="141" height="146"/>
	<SubTexture name="left press0012" x="141" y="292" width="141" height="146"/>
	<SubTexture name="left press0013" x="141" y="292" width="141" height="146"/>
	<SubTexture name="left press0014" x="141" y="292" width="141" height="146"/>
	<SubTexture name="left press0015" x="141" y="292" width="141" height="146"/>
	<SubTexture name="left press0016" x="141" y="292" width="141" height="146"/>
	<SubTexture name="left press0017" x="141" y="292" width="141" height="146"/>
	<SubTexture name="left press0018" x="141" y="292" width="141" height="146"/>
	<SubTexture name="pruple end hold0000" x="282" y="292" width="50" height="62"/>
	<SubTexture name="purple0000" x="332" y="292" width="150" height="146"/>
	<SubTexture name="purple hold piece0000" x="482" y="292" width="53" height="45"/>
	<SubTexture name="red0000" x="535" y="292" width="141" height="146"/>
	<SubTexture name="red hold end0000" x="676" y="292" width="51" height="63"/>
	<SubTexture name="red hold piece0000" x="727" y="292" width="51" height="45"/>
	<SubTexture name="right confirm0000" x="778" y="292" width="141" height="146"/>
	<SubTexture name="right confirm0001" x="778" y="292" width="141" height="146"/>
	<SubTexture name="right confirm0002" x="0" y="438" width="141" height="146"/>
	<SubTexture name="right confirm0003" x="0" y="438" width="141" height="146"/>
	<SubTexture name="right press0000" x="141" y="438" width="141" height="146"/>
	<SubTexture name="right press0001" x="141" y="438" width="141" height="146"/>
	<SubTexture name="right press0002" x="282" y="438" width="141" height="146"/>
	<SubTexture name="right press0003" x="282" y="438" width="141" height="146"/>
	<SubTexture name="right press0004" x="282" y="438" width="141" height="146"/>
	<SubTexture name="right press0005" x="282" y="438" width="141" height="146"/>
	<SubTexture name="right press0006" x="282" y="438" width="141" height="146"/>
	<SubTexture name="right press0007" x="282" y="438" width="141" height="146"/>
	<SubTexture name="right press0008" x="282" y="438" width="141" height="146"/>
	<SubTexture name="right press0009" x="282" y="438" width="141" height="146"/>
	<SubTexture name="right press0010" x="282" y="438" width="141" height="146"/>
	<SubTexture name="right press0011" x="282" y="438" width="141" height="146"/>
	<SubTexture name="right press0012" x="282" y="438" width="141" height="146"/>
	<SubTexture name="right press0013" x="282" y="438" width="141" height="146"/>
	<SubTexture name="right press0014" x="282" y="438" width="141" height="146"/>
	<SubTexture name="right press0015" x="282" y="438" width="141" height="146"/>
	<SubTexture name="right press0016" x="282" y="438" width="141" height="146"/>
	<SubTexture name="right press0017" x="282" y="438" width="141" height="146"/>
	<SubTexture name="right press0018" x="282" y="438" width="141" height="146"/>
	<SubTexture name="right press0019" x="282" y="438" width="141" height="146"/>
	<SubTexture name="right press0020" x="282" y="438" width="141" height="146"/>
	<SubTexture name="right press0021" x="282" y="438" width="141" height="146"/>
	<SubTexture name="right press0022" x="282" y="438" width="141" height="146"/>
	<SubTexture name="right press0023" x="282" y="438" width="141" height="146"/>
	<SubTexture name="right press0024" x="282" y="438" width="141" height="146"/>
	<SubTexture name="right press0025" x="282" y="438" width="141" height="146"/>
	<SubTexture name="right press0026" x="282" y="438" width="141" height="146"/>
	<SubTexture name="up confirm0000" x="423" y="438" width="141" height="146"/>
	<SubTexture name="up confirm0001" x="423" y="438" width="141" height="146"/>
	<SubTexture name="up confirm0002" x="564" y="438" width="141" height="146"/>
	<SubTexture name="up confirm0003" x="564" y="438" width="141" height="146"/>
	<SubTexture name="up press0000" x="705" y="438" width="138" height="133"/>
	<SubTexture name="up press0001" x="705" y="438" width="138" height="133"/>
	<SubTexture name="up press0002" x="705" y="438" width="138" height="133"/>
	<SubTexture name="up press0003" x="705" y="438" width="138" height="133"/>
</TextureAtlas>
