{
	"song": {
		"player1": "nobody",
		"player2": "nobody",
		"events": [],
		"notes": [
			{
				"lengthInSteps": 16,
				"typeOfSection": 0,
				"sectionNotes": [],
				"altAnim": false,
				"gfSection": false,
				"bpm": 150,
				"changeBPM": false,
				"mustHitSection": true
			},
			{
				"lengthInSteps": 16,
				"typeOfSection": 0,
				"sectionNotes": [
					[
						1751.82481751825,
						3,
						0
					],
					[
						2189.78102189781,
						2,
						0
					],
					[
						2627.73722627737,
						3,
						0
					],
					[
						3065.69343065693,
						1,
						0
					]
				],
				"altAnim": false,
				"gfSection": false,
				"bpm": 150,
				"changeBPM": false,
				"mustHitSection": false
			},
			{
				"lengthInSteps": 16,
				"typeOfSection": 0,
				"sectionNotes": [
					[
						3503.6496350365,
						0,
						0
					],
					[
						3722.62773722628,
						1,
						0
					],
					[
						3941.60583941606,
						3,
						0
					],
					[
						4051.09489051095,
						1,
						0
					],
					[
						4160.58394160584,
						3,
						0
					],
					[
						4270.07299270073,
						1,
						0
					],
					[
						4379.56204379562,
						2,
						328.467153284672
					],
					[
						4817.51824817518,
						0,
						0
					]
				],
				"altAnim": false,
				"gfSection": false,
				"bpm": 137,
				"changeBPM": false,
				"mustHitSection": false
			},
			{
				"lengthInSteps": 16,
				"typeOfSection": 0,
				"sectionNotes": [
					[
						5255.47445255474,
						0,
						328.467153284672
					],
					[
						5693.43065693431,
						2,
						328.467153284672
					],
					[
						6131.38686131387,
						3,
						328.467153284672
					],
					[
						6569.34306569343,
						1,
						328.467153284672
					]
				],
				"altAnim": false,
				"gfSection": false,
				"bpm": 137,
				"changeBPM": false,
				"mustHitSection": true
			},
			{
				"lengthInSteps": 16,
				"typeOfSection": 0,
				"sectionNotes": [
					[
						7007.29927007299,
						0,
						0
					],
					[
						7226.27737226277,
						1,
						0
					],
					[
						7445.25547445256,
						3,
						0
					],
					[
						7554.74452554744,
						1,
						0
					],
					[
						7664.23357664234,
						3,
						0
					],
					[
						7773.72262773723,
						1,
						0
					],
					[
						7883.21167883212,
						2,
						328.467153284672
					],
					[
						8321.16788321168,
						0,
						328.467153284672
					]
				],
				"altAnim": false,
				"gfSection": false,
				"bpm": 137,
				"changeBPM": false,
				"mustHitSection": true
			},
			{
				"lengthInSteps": 16,
				"typeOfSection": 0,
				"sectionNotes": [
					[
						8759.12408759124,
						1,
						0
					],
					[
						8978.10218978102,
						3,
						0
					],
					[
						9197.0802919708,
						1,
						0
					],
					[
						9854.01459854015,
						0,
						0
					],
					[
						9416.05839416058,
						2,
						0
					],
					[
						10291.9708029197,
						1,
						0
					]
				],
				"altAnim": false,
				"gfSection": false,
				"bpm": 137,
				"changeBPM": false,
				"mustHitSection": false
			},
			{
				"lengthInSteps": 16,
				"typeOfSection": 0,
				"sectionNotes": [
					[
						10729.9270072993,
						0,
						0
					],
					[
						10948.9051094891,
						1,
						0
					],
					[
						11167.8832116788,
						3,
						0
					],
					[
						11605.8394160584,
						0,
						0
					],
					[
						11824.8175182482,
						1,
						0
					],
					[
						12043.795620438,
						3,
						0
					]
				],
				"altAnim": false,
				"gfSection": false,
				"bpm": 137,
				"changeBPM": false,
				"mustHitSection": false
			},
			{
				"lengthInSteps": 16,
				"typeOfSection": 0,
				"sectionNotes": [
					[
						12262.7737226277,
						6,
						0
					],
					[
						12262.7737226277,
						3,
						0
					],
					[
						12481.7518248175,
						1,
						0
					],
					[
						12700.7299270073,
						0,
						0
					],
					[
						12919.7080291971,
						1,
						0
					],
					[
						13357.6642335766,
						1,
						0
					],
					[
						13576.6423357664,
						3,
						0
					],
					[
						13795.6204379562,
						1,
						0
					]
				],
				"altAnim": false,
				"gfSection": false,
				"bpm": 137,
				"changeBPM": false,
				"mustHitSection": true
			},
			{
				"lengthInSteps": 16,
				"typeOfSection": 0,
				"sectionNotes": [
					[
						14233.5766423358,
						1,
						0
					],
					[
						14452.5547445255,
						2,
						0
					],
					[
						14671.5328467153,
						0,
						0
					],
					[
						15109.4890510949,
						1,
						0
					],
					[
						15328.4671532847,
						2,
						0
					],
					[
						15547.4452554745,
						0,
						0
					]
				],
				"altAnim": false,
				"gfSection": false,
				"bpm": 137,
				"changeBPM": false,
				"mustHitSection": true
			},
			{
				"lengthInSteps": 16,
				"typeOfSection": 0,
				"sectionNotes": [
					[
						15766.4233576642,
						5,
						766.423357664234
					],
					[
						15766.4233576642,
						2,
						0
					],
					[
						15875.9124087591,
						0,
						0
					],
					[
						15985.401459854,
						2,
						0
					],
					[
						16094.8905109489,
						1,
						0
					],
					[
						16204.3795620438,
						3,
						0
					],
					[
						16642.3357664234,
						2,
						0
					],
					[
						17080.2919708029,
						1,
						0
					]
				],
				"altAnim": false,
				"gfSection": false,
				"bpm": 137,
				"changeBPM": false,
				"mustHitSection": false
			},
			{
				"lengthInSteps": 16,
				"typeOfSection": 0,
				"sectionNotes": [
					[
						17518.2481751825,
						1,
						0
					],
					[
						17627.7372262774,
						3,
						0
					],
					[
						17737.2262773723,
						2,
						0
					],
					[
						18394.1605839416,
						1,
						0
					],
					[
						18613.1386861314,
						3,
						0
					],
					[
						18832.1167883212,
						1,
						0
					],
					[
						19051.094890511,
						3,
						0
					],
					[
						17846.7153284672,
						0,
						0
					],
					[
						17956.204379562,
						2,
						0
					],
					[
						18175.1824817518,
						2,
						0
					]
				],
				"altAnim": false,
				"gfSection": false,
				"bpm": 137,
				"changeBPM": false,
				"mustHitSection": false
			},
			{
				"lengthInSteps": 16,
				"typeOfSection": 0,
				"sectionNotes": [
					[
						19270.0729927007,
						2,
						0
					],
					[
						19379.5620437956,
						0,
						0
					],
					[
						19489.0510948905,
						2,
						0
					],
					[
						19598.5401459854,
						1,
						0
					],
					[
						19708.0291970803,
						3,
						328.467153284672
					],
					[
						20145.9854014599,
						2,
						328.467153284672
					],
					[
						20583.9416058394,
						0,
						328.467153284672
					]
				],
				"altAnim": false,
				"gfSection": false,
				"bpm": 137,
				"changeBPM": false,
				"mustHitSection": true
			},
			{
				"lengthInSteps": 16,
				"typeOfSection": 0,
				"sectionNotes": [
					[
						21021.897810219,
						1,
						0
					],
					[
						21131.3868613139,
						3,
						0
					],
					[
						21240.8759124088,
						2,
						0
					],
					[
						21897.8102189781,
						1,
						0
					],
					[
						21350.3649635037,
						0,
						0
					],
					[
						21459.8540145985,
						2,
						0
					],
					[
						21678.8321167883,
						2,
						0
					],
					[
						22116.7883211679,
						3,
						0
					],
					[
						22335.7664233577,
						2,
						0
					],
					[
						22554.7445255474,
						0,
						0
					]
				],
				"altAnim": false,
				"gfSection": false,
				"bpm": 137,
				"changeBPM": false,
				"mustHitSection": true
			},
			{
				"lengthInSteps": 16,
				"typeOfSection": 0,
				"sectionNotes": [
					[
						22773.7226277372,
						5,
						766.423357664234
					],
					[
						22883.2116788321,
						2,
						0
					],
					[
						22992.700729927,
						0,
						0
					],
					[
						23102.1897810219,
						2,
						0
					],
					[
						22773.7226277372,
						0,
						0
					],
					[
						23211.6788321168,
						3,
						0
					],
					[
						23430.6569343066,
						1,
						0
					],
					[
						23649.6350364964,
						2,
						328.467153284672
					],
					[
						24087.5912408759,
						1,
						0
					]
				],
				"altAnim": false,
				"gfSection": false,
				"bpm": 137,
				"changeBPM": false,
				"mustHitSection": false
			},
			{
				"lengthInSteps": 16,
				"typeOfSection": 0,
				"sectionNotes": [
					[
						24525.5474452555,
						3,
						0
					],
					[
						24635.0364963504,
						1,
						0
					],
					[
						24744.5255474453,
						2,
						0
					],
					[
						24854.0145985402,
						0,
						0
					],
					[
						24963.503649635,
						1,
						0
					],
					[
						25182.4817518248,
						1,
						0
					],
					[
						25401.4598540146,
						0,
						0
					],
					[
						25510.9489051095,
						0,
						0
					],
					[
						25620.4379562044,
						1,
						0
					],
					[
						25839.4160583942,
						3,
						0
					],
					[
						25948.9051094891,
						3,
						0
					],
					[
						26058.3941605839,
						1,
						0
					]
				],
				"altAnim": false,
				"gfSection": false,
				"bpm": 137,
				"changeBPM": false,
				"mustHitSection": false
			},
			{
				"lengthInSteps": 16,
				"typeOfSection": 0,
				"sectionNotes": [
					[
						26386.8613138686,
						2,
						0
					],
					[
						26496.3503649635,
						0,
						0
					],
					[
						26605.8394160584,
						2,
						0
					],
					[
						26277.3722627737,
						0,
						0
					],
					[
						26715.3284671533,
						3,
						0
					],
					[
						26934.3065693431,
						1,
						0
					],
					[
						27153.2846715329,
						2,
						328.467153284672
					],
					[
						27591.2408759124,
						1,
						328.467153284672
					]
				],
				"altAnim": false,
				"gfSection": false,
				"bpm": 137,
				"changeBPM": false,
				"mustHitSection": true
			},
			{
				"lengthInSteps": 16,
				"typeOfSection": 0,
				"sectionNotes": [
					[
						28029.197080292,
						3,
						0
					],
					[
						28138.6861313869,
						1,
						0
					],
					[
						28248.1751824818,
						2,
						0
					],
					[
						28357.6642335767,
						0,
						0
					],
					[
						28467.1532846715,
						1,
						0
					],
					[
						28686.1313868613,
						1,
						0
					],
					[
						28905.1094890511,
						0,
						0
					],
					[
						29014.598540146,
						0,
						0
					],
					[
						29124.0875912409,
						1,
						0
					],
					[
						29343.0656934307,
						2,
						0
					],
					[
						29452.5547445256,
						3,
						0
					],
					[
						29671.5328467153,
						1,
						0
					],
					[
						29562.0437956204,
						0,
						0
					],
					[
						29343.0656934307,
						5,
						0
					],
					[
						29562.0437956204,
						7,
						0
					],
					[
						29671.5328467153,
						6,
						0
					]
				],
				"altAnim": false,
				"gfSection": false,
				"bpm": 137,
				"changeBPM": false,
				"mustHitSection": true
			},
			{
				"lengthInSteps": 16,
				"typeOfSection": 0,
				"sectionNotes": [
					[
						29781.0218978102,
						0,
						0
					],
					[
						30656.9343065694,
						1,
						0
					],
					[
						30985.401459854,
						2,
						0
					],
					[
						31313.8686131387,
						1,
						0
					]
				],
				"altAnim": false,
				"gfSection": false,
				"bpm": 137,
				"changeBPM": false,
				"mustHitSection": false
			},
			{
				"lengthInSteps": 16,
				"typeOfSection": 0,
				"sectionNotes": [
					[
						31532.8467153285,
						3,
						0
					],
					[
						32408.7591240876,
						3,
						0
					],
					[
						32627.7372262774,
						1,
						0
					],
					[
						32846.7153284672,
						2,
						0
					],
					[
						33065.6934306569,
						1,
						0
					]
				],
				"altAnim": false,
				"gfSection": false,
				"bpm": 137,
				"changeBPM": false,
				"mustHitSection": false
			},
			{
				"lengthInSteps": 16,
				"typeOfSection": 0,
				"sectionNotes": [
					[
						33284.6715328467,
						0,
						328.467153284672
					],
					[
						34160.5839416059,
						2,
						0
					],
					[
						34270.0729927007,
						0,
						0
					],
					[
						34379.5620437956,
						2,
						0
					],
					[
						34489.0510948905,
						1,
						0
					],
					[
						34598.5401459854,
						3,
						0
					],
					[
						34817.5182481752,
						2,
						0
					]
				],
				"altAnim": false,
				"gfSection": false,
				"bpm": 137,
				"changeBPM": false,
				"mustHitSection": false
			},
			{
				"sectionNotes": [
					[
						35036.496350365,
						0,
						0
					],
					[
						35474.4525547445,
						1,
						0
					],
					[
						35912.4087591241,
						3,
						0
					],
					[
						36350.3649635037,
						2,
						328.467153284672
					],
					[
						36350.3649635037,
						7,
						0
					],
					[
						36569.3430656934,
						6,
						0
					],
					[
						36678.8321167883,
						5,
						0
					]
				],
				"typeOfSection": 0,
				"lengthInSteps": 16,
				"gfSection": false,
				"altAnim": false,
				"mustHitSection": false,
				"changeBPM": false,
				"bpm": 137
			},
			{
				"sectionNotes": [
					[
						36788.3211678832,
						5,
						0
					],
					[
						37664.2335766423,
						1,
						0
					],
					[
						37992.700729927,
						2,
						0
					],
					[
						38321.1678832117,
						1,
						0
					],
					[
						36788.3211678832,
						0,
						766.423357664234
					]
				],
				"typeOfSection": 0,
				"lengthInSteps": 16,
				"gfSection": false,
				"altAnim": false,
				"mustHitSection": true,
				"changeBPM": false,
				"bpm": 137
			},
			{
				"sectionNotes": [
					[
						38540.1459854015,
						3,
						656.934306569343
					],
					[
						39854.0145985401,
						1,
						0
					],
					[
						39635.0364963504,
						3,
						0
					],
					[
						40072.9927007299,
						3,
						0
					],
					[
						39416.0583941606,
						2,
						0
					]
				],
				"typeOfSection": 0,
				"lengthInSteps": 16,
				"gfSection": false,
				"altAnim": false,
				"mustHitSection": true,
				"changeBPM": false,
				"bpm": 137
			},
			{
				"sectionNotes": [
					[
						41167.8832116788,
						2,
						0
					],
					[
						41277.3722627737,
						0,
						0
					],
					[
						41386.8613138686,
						2,
						0
					],
					[
						41496.3503649635,
						1,
						0
					],
					[
						41605.8394160584,
						3,
						0
					],
					[
						41824.8175182482,
						2,
						0
					],
					[
						40291.9708029197,
						0,
						656.934306569343
					]
				],
				"typeOfSection": 0,
				"lengthInSteps": 16,
				"gfSection": false,
				"altAnim": false,
				"mustHitSection": true,
				"changeBPM": false,
				"bpm": 137
			},
			{
				"sectionNotes": [
					[
						43357.6642335767,
						7,
						0
					],
					[
						43576.6423357664,
						6,
						0
					],
					[
						43686.1313868613,
						5,
						0
					],
					[
						42919.7080291971,
						3,
						328.467153284672
					],
					[
						43357.6642335766,
						1,
						328.467153284672
					],
					[
						42481.7518248175,
						2,
						328.467153284672
					],
					[
						42043.795620438,
						0,
						328.467153284672
					]
				],
				"typeOfSection": 0,
				"lengthInSteps": 16,
				"gfSection": false,
				"altAnim": false,
				"mustHitSection": true,
				"changeBPM": false,
				"bpm": 137
			},
			{
				"sectionNotes": [
					[
						44671.5328467153,
						1,
						0
					],
					[
						45000,
						2,
						0
					],
					[
						45328.4671532847,
						1,
						0
					],
					[
						43795.6204379562,
						7,
						766.423357664234
					],
					[
						43795.6204379562,
						0,
						328.467153284672
					]
				],
				"typeOfSection": 0,
				"lengthInSteps": 16,
				"gfSection": false,
				"altAnim": false,
				"mustHitSection": false,
				"changeBPM": false,
				"bpm": 137
			},
			{
				"sectionNotes": [
					[
						46861.3138686131,
						1,
						0
					],
					[
						46642.3357664234,
						3,
						0
					],
					[
						47080.2919708029,
						3,
						0
					],
					[
						46423.3576642336,
						2,
						0
					],
					[
						45547.4452554744,
						6,
						656.934306569343
					],
					[
						45547.4452554744,
						3,
						0
					]
				],
				"typeOfSection": 0,
				"lengthInSteps": 16,
				"gfSection": false,
				"altAnim": false,
				"mustHitSection": false,
				"changeBPM": false,
				"bpm": 137
			},
			{
				"sectionNotes": [
					[
						48175.1824817518,
						2,
						0
					],
					[
						48284.6715328467,
						0,
						0
					],
					[
						48394.1605839416,
						2,
						0
					],
					[
						48503.6496350365,
						1,
						0
					],
					[
						48613.1386861314,
						3,
						0
					],
					[
						48832.1167883212,
						2,
						0
					],
					[
						47299.2700729927,
						4,
						656.934306569343
					],
					[
						47299.2700729927,
						0,
						328.467153284672
					]
				],
				"typeOfSection": 0,
				"lengthInSteps": 16,
				"gfSection": false,
				"altAnim": false,
				"mustHitSection": false,
				"changeBPM": false,
				"bpm": 137
			},
			{
				"sectionNotes": [
					[
						49051.0948905109,
						7,
						766.423357664234
					],
					[
						49927.0072992701,
						5,
						328.467153284672
					],
					[
						50583.9416058394,
						7,
						0
					],
					[
						50693.4306569343,
						6,
						0
					],
					[
						50364.9635036496,
						4,
						0
					],
					[
						50364.9635036496,
						1,
						328.467153284672
					],
					[
						49051.0948905109,
						0,
						0
					],
					[
						49489.0510948905,
						2,
						218.978102189781
					],
					[
						49927.0072992701,
						3,
						0
					]
				],
				"typeOfSection": 0,
				"lengthInSteps": 16,
				"gfSection": false,
				"altAnim": false,
				"mustHitSection": false,
				"changeBPM": false,
				"bpm": 137
			},
			{
				"sectionNotes": [
					[
						51678.8321167883,
						1,
						0
					],
					[
						52007.299270073,
						2,
						0
					],
					[
						52335.7664233577,
						1,
						0
					],
					[
						50802.9197080292,
						0,
						766.423357664234
					],
					[
						50802.9197080292,
						7,
						0
					]
				],
				"typeOfSection": 0,
				"lengthInSteps": 16,
				"gfSection": false,
				"altAnim": false,
				"mustHitSection": true,
				"changeBPM": false,
				"bpm": 137
			},
			{
				"sectionNotes": [
					[
						52554.7445255475,
						3,
						656.934306569343
					],
					[
						53868.6131386861,
						1,
						0
					],
					[
						53649.6350364964,
						3,
						0
					],
					[
						54087.5912408759,
						3,
						0
					],
					[
						53430.6569343066,
						2,
						0
					],
					[
						52554.7445255474,
						6,
						0
					]
				],
				"typeOfSection": 0,
				"lengthInSteps": 16,
				"gfSection": false,
				"altAnim": false,
				"mustHitSection": true,
				"changeBPM": false,
				"bpm": 137
			},
			{
				"sectionNotes": [
					[
						55182.4817518248,
						2,
						0
					],
					[
						55291.9708029197,
						0,
						0
					],
					[
						55401.4598540146,
						2,
						0
					],
					[
						55510.9489051095,
						1,
						0
					],
					[
						55620.4379562044,
						3,
						0
					],
					[
						55839.4160583942,
						2,
						0
					],
					[
						54306.5693430657,
						0,
						656.934306569343
					],
					[
						54306.5693430657,
						4,
						0
					]
				],
				"typeOfSection": 0,
				"lengthInSteps": 16,
				"gfSection": false,
				"altAnim": false,
				"mustHitSection": true,
				"changeBPM": false,
				"bpm": 137
			},
			{
				"sectionNotes": [
					[
						57372.2627737226,
						4,
						0
					],
					[
						56934.3065693431,
						3,
						328.467153284672
					],
					[
						57372.2627737226,
						1,
						328.467153284672
					],
					[
						56496.3503649635,
						2,
						328.467153284672
					],
					[
						56058.3941605839,
						0,
						328.467153284672
					],
					[
						56058.3941605839,
						7,
						0
					],
					[
						56934.306569343,
						5,
						0
					]
				],
				"typeOfSection": 0,
				"lengthInSteps": 16,
				"gfSection": false,
				"altAnim": false,
				"mustHitSection": true,
				"changeBPM": false,
				"bpm": 137
			},
			{
				"sectionNotes": [
					[
						57810.2189781022,
						4,
						766.423357664234
					],
					[
						57810.2189781022,
						3,
						0
					],
					[
						58029.1970802919,
						2,
						0
					],
					[
						58248.1751824817,
						3,
						0
					],
					[
						58686.1313868613,
						3,
						0
					]
				],
				"typeOfSection": 0,
				"lengthInSteps": 16,
				"gfSection": false,
				"altAnim": false,
				"mustHitSection": false,
				"changeBPM": false,
				"bpm": 137
			},
			{
				"sectionNotes": [
					[
						59562.0437956204,
						3,
						0
					],
					[
						59671.5328467153,
						2,
						0
					],
					[
						59781.0218978102,
						0,
						0
					],
					[
						59890.5109489051,
						1,
						0
					],
					[
						60000,
						0,
						0
					],
					[
						60437.9562043795,
						0,
						0
					],
					[
						60875.9124087591,
						2,
						0
					],
					[
						61094.8905109489,
						1,
						0
					]
				],
				"typeOfSection": 0,
				"lengthInSteps": 16,
				"gfSection": false,
				"altAnim": false,
				"mustHitSection": false,
				"changeBPM": false,
				"bpm": 137
			},
			{
				"sectionNotes": [
					[
						61313.8686131386,
						3,
						0
					],
					[
						61532.8467153284,
						1,
						0
					],
					[
						61751.8248175182,
						2,
						0
					],
					[
						61970.802919708,
						1,
						0
					],
					[
						62189.7810218978,
						3,
						0
					],
					[
						62408.7591240876,
						1,
						0
					],
					[
						62627.7372262773,
						2,
						0
					],
					[
						62846.7153284671,
						0,
						0
					]
				],
				"typeOfSection": 0,
				"lengthInSteps": 16,
				"gfSection": false,
				"altAnim": false,
				"mustHitSection": false,
				"changeBPM": false,
				"bpm": 137
			},
			{
				"sectionNotes": [
					[
						63065.6934306569,
						3,
						0
					],
					[
						63175.1824817518,
						1,
						0
					],
					[
						63284.6715328467,
						2,
						0
					],
					[
						63394.1605839416,
						1,
						0
					],
					[
						63503.6496350365,
						0,
						0
					],
					[
						63941.605839416,
						3,
						0
					],
					[
						64270.0729927007,
						3,
						0
					],
					[
						64598.5401459854,
						2,
						0
					]
				],
				"typeOfSection": 0,
				"lengthInSteps": 16,
				"gfSection": false,
				"altAnim": false,
				"mustHitSection": false,
				"changeBPM": false,
				"bpm": 137
			},
			{
				"sectionNotes": [
					[
						64817.5182481752,
						3,
						0
					],
					[
						65036.4963503649,
						2,
						0
					],
					[
						65255.4744525547,
						3,
						0
					],
					[
						65693.4306569343,
						3,
						437.956204379562
					]
				],
				"typeOfSection": 0,
				"lengthInSteps": 16,
				"gfSection": false,
				"altAnim": false,
				"mustHitSection": true,
				"changeBPM": false,
				"bpm": 137
			},
			{
				"sectionNotes": [
					[
						66569.3430656934,
						3,
						0
					],
					[
						66678.8321167883,
						2,
						0
					],
					[
						66788.3211678832,
						0,
						0
					],
					[
						66897.8102189781,
						1,
						0
					],
					[
						67007.299270073,
						0,
						0
					],
					[
						67445.2554744525,
						0,
						0
					],
					[
						67883.2116788321,
						2,
						0
					],
					[
						68102.1897810219,
						1,
						0
					]
				],
				"typeOfSection": 0,
				"lengthInSteps": 16,
				"gfSection": false,
				"altAnim": false,
				"mustHitSection": true,
				"changeBPM": false,
				"bpm": 137
			},
			{
				"sectionNotes": [
					[
						68321.1678832116,
						3,
						0
					],
					[
						68540.1459854014,
						1,
						0
					],
					[
						68759.1240875912,
						2,
						0
					],
					[
						68978.102189781,
						1,
						0
					],
					[
						69197.0802919708,
						3,
						0
					],
					[
						69416.0583941605,
						1,
						0
					],
					[
						69635.0364963503,
						2,
						0
					],
					[
						69854.0145985401,
						0,
						0
					]
				],
				"typeOfSection": 0,
				"lengthInSteps": 16,
				"gfSection": false,
				"altAnim": false,
				"mustHitSection": true,
				"changeBPM": false,
				"bpm": 137
			},
			{
				"sectionNotes": [
					[
						70072.9927007299,
						3,
						0
					],
					[
						70182.4817518248,
						1,
						0
					],
					[
						70291.9708029197,
						2,
						0
					],
					[
						70401.4598540146,
						1,
						0
					],
					[
						70510.9489051094,
						0,
						0
					],
					[
						70948.905109489,
						3,
						0
					],
					[
						71277.3722627737,
						3,
						0
					],
					[
						71605.8394160584,
						2,
						0
					]
				],
				"typeOfSection": 0,
				"lengthInSteps": 16,
				"gfSection": false,
				"altAnim": false,
				"mustHitSection": true,
				"changeBPM": false,
				"bpm": 137
			},
			{
				"sectionNotes": [
					[
						71824.8175182482,
						2,
						0
					],
					[
						71934.3065693431,
						0,
						0
					],
					[
						72043.795620438,
						2,
						0
					],
					[
						72153.2846715328,
						1,
						0
					],
					[
						72262.7737226277,
						3,
						0
					],
					[
						72700.7299270073,
						2,
						0
					],
					[
						73138.6861313869,
						1,
						0
					]
				],
				"typeOfSection": 0,
				"lengthInSteps": 16,
				"gfSection": false,
				"altAnim": false,
				"mustHitSection": false,
				"changeBPM": false,
				"bpm": 137
			},
			{
				"sectionNotes": [
					[
						73576.6423357664,
						1,
						0
					],
					[
						73686.1313868613,
						3,
						0
					],
					[
						73795.6204379562,
						2,
						0
					],
					[
						74452.5547445256,
						1,
						0
					],
					[
						74671.5328467153,
						3,
						0
					],
					[
						74890.5109489051,
						1,
						0
					],
					[
						75109.4890510949,
						3,
						0
					],
					[
						73905.1094890511,
						0,
						0
					],
					[
						74014.598540146,
						2,
						0
					],
					[
						74233.5766423358,
						2,
						0
					]
				],
				"typeOfSection": 0,
				"lengthInSteps": 16,
				"gfSection": false,
				"altAnim": false,
				"mustHitSection": false,
				"changeBPM": false,
				"bpm": 137
			},
			{
				"sectionNotes": [
					[
						75328.4671532847,
						2,
						0
					],
					[
						75437.9562043796,
						0,
						0
					],
					[
						75547.4452554744,
						2,
						0
					],
					[
						75656.9343065693,
						1,
						0
					],
					[
						75766.4233576642,
						3,
						328.467153284672
					],
					[
						76204.3795620438,
						2,
						328.467153284672
					],
					[
						76642.3357664234,
						0,
						328.467153284672
					]
				],
				"typeOfSection": 0,
				"lengthInSteps": 16,
				"gfSection": false,
				"altAnim": false,
				"mustHitSection": true,
				"changeBPM": false,
				"bpm": 137
			},
			{
				"sectionNotes": [
					[
						77080.2919708029,
						1,
						0
					],
					[
						77189.7810218978,
						3,
						0
					],
					[
						77299.2700729927,
						2,
						0
					],
					[
						77956.2043795621,
						1,
						0
					],
					[
						77408.7591240876,
						0,
						0
					],
					[
						77518.2481751825,
						2,
						0
					],
					[
						77737.2262773723,
						2,
						0
					],
					[
						78175.1824817518,
						3,
						0
					],
					[
						78394.1605839416,
						2,
						0
					],
					[
						78613.1386861314,
						0,
						0
					]
				],
				"typeOfSection": 0,
				"lengthInSteps": 16,
				"gfSection": false,
				"altAnim": false,
				"mustHitSection": true,
				"changeBPM": false,
				"bpm": 137
			},
			{
				"sectionNotes": [
					[
						78832.1167883212,
						5,
						766.423357664234
					],
					[
						78941.6058394161,
						2,
						0
					],
					[
						79051.094890511,
						0,
						0
					],
					[
						79160.5839416058,
						2,
						0
					],
					[
						78832.1167883212,
						0,
						0
					],
					[
						79270.0729927007,
						3,
						0
					],
					[
						79489.0510948905,
						1,
						0
					],
					[
						79708.0291970803,
						2,
						328.467153284672
					],
					[
						80145.9854014599,
						1,
						0
					]
				],
				"typeOfSection": 0,
				"lengthInSteps": 16,
				"gfSection": false,
				"altAnim": false,
				"mustHitSection": false,
				"changeBPM": false,
				"bpm": 137
			},
			{
				"sectionNotes": [
					[
						80583.9416058394,
						3,
						0
					],
					[
						80693.4306569343,
						1,
						0
					],
					[
						80802.9197080292,
						2,
						0
					],
					[
						80912.4087591241,
						0,
						0
					],
					[
						81021.897810219,
						1,
						0
					],
					[
						81240.8759124088,
						1,
						0
					],
					[
						81459.8540145985,
						0,
						0
					],
					[
						81569.3430656934,
						0,
						0
					],
					[
						81678.8321167883,
						1,
						0
					],
					[
						81897.8102189781,
						3,
						0
					],
					[
						82007.299270073,
						3,
						0
					],
					[
						82116.7883211679,
						1,
						0
					]
				],
				"typeOfSection": 0,
				"lengthInSteps": 16,
				"gfSection": false,
				"altAnim": false,
				"mustHitSection": false,
				"changeBPM": false,
				"bpm": 137
			},
			{
				"sectionNotes": [
					[
						82445.2554744526,
						2,
						0
					],
					[
						82554.7445255475,
						0,
						0
					],
					[
						82664.2335766423,
						2,
						0
					],
					[
						82335.7664233577,
						0,
						0
					],
					[
						82773.7226277372,
						3,
						0
					],
					[
						82992.700729927,
						1,
						0
					],
					[
						83211.6788321168,
						2,
						328.467153284672
					],
					[
						83649.6350364964,
						1,
						328.467153284672
					]
				],
				"typeOfSection": 0,
				"lengthInSteps": 16,
				"gfSection": false,
				"altAnim": false,
				"mustHitSection": true,
				"changeBPM": false,
				"bpm": 137
			},
			{
				"sectionNotes": [
					[
						84087.5912408759,
						3,
						0
					],
					[
						84197.0802919708,
						1,
						0
					],
					[
						84306.5693430657,
						2,
						0
					],
					[
						84416.0583941606,
						0,
						0
					],
					[
						84525.5474452555,
						1,
						0
					],
					[
						84744.5255474453,
						1,
						0
					],
					[
						84963.503649635,
						0,
						0
					],
					[
						85072.9927007299,
						0,
						0
					],
					[
						85182.4817518248,
						1,
						0
					],
					[
						85510.9489051095,
						3,
						0
					],
					[
						85401.4598540146,
						3,
						0
					],
					[
						85620.4379562044,
						1,
						0
					]
				],
				"typeOfSection": 0,
				"lengthInSteps": 16,
				"gfSection": false,
				"altAnim": false,
				"mustHitSection": true,
				"changeBPM": false,
				"bpm": 137
			},
			{
				"sectionNotes": [
					[
						85839.4160583942,
						3,
						0
					],
					[
						86277.3722627737,
						2,
						0
					],
					[
						86715.3284671533,
						3,
						0
					],
					[
						87153.2846715328,
						1,
						0
					]
				],
				"typeOfSection": 0,
				"lengthInSteps": 16,
				"gfSection": false,
				"altAnim": false,
				"mustHitSection": false,
				"changeBPM": false,
				"bpm": 137
			},
			{
				"sectionNotes": [
					[
						87591.2408759124,
						0,
						0
					],
					[
						87810.2189781022,
						1,
						0
					],
					[
						88029.197080292,
						3,
						0
					],
					[
						88138.6861313869,
						1,
						0
					],
					[
						88248.1751824818,
						3,
						0
					],
					[
						88357.6642335767,
						1,
						0
					],
					[
						88467.1532846715,
						2,
						328.467153284672
					],
					[
						88905.1094890511,
						0,
						0
					]
				],
				"typeOfSection": 0,
				"lengthInSteps": 16,
				"gfSection": false,
				"altAnim": false,
				"mustHitSection": false,
				"changeBPM": false,
				"bpm": 137
			},
			{
				"sectionNotes": [
					[
						89343.0656934307,
						0,
						328.467153284672
					],
					[
						89781.0218978102,
						2,
						328.467153284672
					],
					[
						90218.9781021898,
						3,
						328.467153284672
					],
					[
						90656.9343065694,
						1,
						328.467153284672
					]
				],
				"typeOfSection": 0,
				"lengthInSteps": 16,
				"gfSection": false,
				"altAnim": false,
				"mustHitSection": true,
				"changeBPM": false,
				"bpm": 137
			},
			{
				"sectionNotes": [
					[
						91094.8905109489,
						0,
						0
					],
					[
						91313.8686131387,
						1,
						0
					],
					[
						91532.8467153285,
						3,
						0
					],
					[
						91642.3357664234,
						1,
						0
					],
					[
						91751.8248175183,
						3,
						0
					],
					[
						91861.3138686131,
						1,
						0
					],
					[
						91970.802919708,
						2,
						328.467153284672
					],
					[
						92408.7591240876,
						0,
						328.467153284672
					]
				],
				"typeOfSection": 0,
				"lengthInSteps": 16,
				"gfSection": false,
				"altAnim": false,
				"mustHitSection": true,
				"changeBPM": false,
				"bpm": 137
			},
			{
				"sectionNotes": [
					[
						92846.7153284672,
						1,
						0
					],
					[
						93065.6934306569,
						3,
						0
					],
					[
						93284.6715328467,
						1,
						0
					],
					[
						93941.6058394161,
						0,
						0
					],
					[
						93503.6496350365,
						2,
						0
					],
					[
						94379.5620437956,
						1,
						0
					]
				],
				"typeOfSection": 0,
				"lengthInSteps": 16,
				"gfSection": false,
				"altAnim": false,
				"mustHitSection": false,
				"changeBPM": false,
				"bpm": 137
			},
			{
				"sectionNotes": [
					[
						94817.5182481752,
						0,
						0
					],
					[
						95036.496350365,
						1,
						0
					],
					[
						95255.4744525547,
						3,
						0
					],
					[
						95693.4306569343,
						0,
						0
					],
					[
						95912.4087591241,
						1,
						0
					],
					[
						96131.3868613139,
						3,
						0
					]
				],
				"typeOfSection": 0,
				"lengthInSteps": 16,
				"gfSection": false,
				"altAnim": false,
				"mustHitSection": false,
				"changeBPM": false,
				"bpm": 137
			},
			{
				"sectionNotes": [
					[
						96350.3649635037,
						6,
						0
					],
					[
						96350.3649635037,
						3,
						0
					],
					[
						96569.3430656934,
						1,
						0
					],
					[
						96788.3211678832,
						0,
						0
					],
					[
						97007.299270073,
						1,
						0
					],
					[
						97445.2554744526,
						1,
						0
					],
					[
						97664.2335766423,
						3,
						0
					],
					[
						97883.2116788321,
						1,
						0
					]
				],
				"typeOfSection": 0,
				"lengthInSteps": 16,
				"gfSection": false,
				"altAnim": false,
				"mustHitSection": true,
				"changeBPM": false,
				"bpm": 137
			},
			{
				"sectionNotes": [
					[
						98321.1678832117,
						1,
						0
					],
					[
						98540.1459854015,
						2,
						0
					],
					[
						98759.1240875912,
						0,
						0
					],
					[
						99197.0802919708,
						1,
						0
					],
					[
						99416.0583941606,
						2,
						0
					],
					[
						99635.0364963504,
						0,
						0
					]
				],
				"typeOfSection": 0,
				"lengthInSteps": 16,
				"gfSection": false,
				"altAnim": false,
				"mustHitSection": true,
				"changeBPM": false,
				"bpm": 137
			},
			{
				"sectionNotes": [
					[
						99854.0145985402,
						1,
						875.912408759124
					]
				],
				"typeOfSection": 0,
				"lengthInSteps": 16,
				"gfSection": false,
				"altAnim": false,
				"mustHitSection": true,
				"changeBPM": false,
				"bpm": 137
			},
			{
				"sectionNotes": [],
				"typeOfSection": 0,
				"lengthInSteps": 16,
				"gfSection": false,
				"altAnim": false,
				"mustHitSection": true,
				"changeBPM": false,
				"bpm": 137
			},
			{
				"sectionNotes": [],
				"typeOfSection": 0,
				"lengthInSteps": 16,
				"gfSection": false,
				"altAnim": false,
				"mustHitSection": true,
				"changeBPM": false,
				"bpm": 137
			},
			{
				"sectionNotes": [],
				"typeOfSection": 0,
				"lengthInSteps": 16,
				"gfSection": false,
				"altAnim": false,
				"mustHitSection": true,
				"changeBPM": false,
				"bpm": 137
			},
			{
				"sectionNotes": [],
				"typeOfSection": 0,
				"lengthInSteps": 16,
				"gfSection": false,
				"altAnim": false,
				"mustHitSection": true,
				"changeBPM": false,
				"bpm": 137
			},
			{
				"gfSection": false,
				"lengthInSteps": 16,
				"altAnim": false,
				"typeOfSection": 0,
				"sectionNotes": [],
				"bpm": 137,
				"changeBPM": false,
				"mustHitSection": true
			},
			{
				"gfSection": false,
				"lengthInSteps": 16,
				"altAnim": false,
				"typeOfSection": 0,
				"sectionNotes": [],
				"bpm": 137,
				"changeBPM": false,
				"mustHitSection": true
			}
		],
		"gfVersion": "nobody",
		"player3": null,
		"splashSkin": "noteSplashes",
		"song": "For-Hire",
		"stage": "SnowBackground",
		"validScore": true,
		"arrowSkin": "NOTE_assets_normal",
		"needsVoices": true,
		"speed": 2.2,
		"bpm": 137
	}
}