﻿<?xml version="1.0" encoding="utf-8"?>
<TextureAtlas imagePath="spooky_kids_assets.png">
	<!-- Created with Adobe Animate version 20.0.0.17400 -->
	<!-- http://www.adobe.com/products/animate.html -->
	<SubTexture name="note sing left0000" x="0" y="0" width="556" height="527" frameX="0" frameY="-4" frameWidth="563" frameHeight="531"/>
	<SubTexture name="note sing left0001" x="0" y="0" width="556" height="527" frameX="0" frameY="-4" frameWidth="563" frameHeight="531"/>
	<SubTexture name="note sing left0002" x="556" y="0" width="558" height="531" frameX="-5" frameY="0" frameWidth="563" frameHeight="531"/>
	<SubTexture name="note sing left0003" x="556" y="0" width="558" height="531" frameX="-5" frameY="0" frameWidth="563" frameHeight="531"/>
	<SubTexture name="note sing left0004" x="556" y="0" width="558" height="531" frameX="-5" frameY="0" frameWidth="563" frameHeight="531"/>
	<SubTexture name="note sing left0005" x="556" y="0" width="558" height="531" frameX="-5" frameY="0" frameWidth="563" frameHeight="531"/>
	<SubTexture name="note sing left0006" x="556" y="0" width="558" height="531" frameX="-5" frameY="0" frameWidth="563" frameHeight="531"/>
	<SubTexture name="note sing left0007" x="556" y="0" width="558" height="531" frameX="-5" frameY="0" frameWidth="563" frameHeight="531"/>
	<SubTexture name="note sing left0008" x="556" y="0" width="558" height="531" frameX="-5" frameY="0" frameWidth="563" frameHeight="531"/>
	<SubTexture name="note sing left0009" x="556" y="0" width="558" height="531" frameX="-5" frameY="0" frameWidth="563" frameHeight="531"/>
	<SubTexture name="note sing left0010" x="556" y="0" width="558" height="531" frameX="-5" frameY="0" frameWidth="563" frameHeight="531"/>
	<SubTexture name="note sing left0011" x="556" y="0" width="558" height="531" frameX="-5" frameY="0" frameWidth="563" frameHeight="531"/>
	<SubTexture name="note sing left0012" x="556" y="0" width="558" height="531" frameX="-5" frameY="0" frameWidth="563" frameHeight="531"/>
	<SubTexture name="note sing left0013" x="556" y="0" width="558" height="531" frameX="-5" frameY="0" frameWidth="563" frameHeight="531"/>
	<SubTexture name="note sing left0014" x="556" y="0" width="558" height="531" frameX="-5" frameY="0" frameWidth="563" frameHeight="531"/>
	<SubTexture name="spooky DOWN note0000" x="1114" y="0" width="467" height="408" frameX="0" frameY="-1" frameWidth="467" frameHeight="409"/>
	<SubTexture name="spooky DOWN note0001" x="1114" y="0" width="467" height="408" frameX="0" frameY="-1" frameWidth="467" frameHeight="409"/>
	<SubTexture name="spooky DOWN note0002" x="1581" y="0" width="462" height="409" frameX="-5" frameY="0" frameWidth="467" frameHeight="409"/>
	<SubTexture name="spooky DOWN note0003" x="1581" y="0" width="462" height="409" frameX="-5" frameY="0" frameWidth="467" frameHeight="409"/>
	<SubTexture name="spooky DOWN note0004" x="1581" y="0" width="462" height="409" frameX="-5" frameY="0" frameWidth="467" frameHeight="409"/>
	<SubTexture name="spooky DOWN note0005" x="1581" y="0" width="462" height="409" frameX="-5" frameY="0" frameWidth="467" frameHeight="409"/>
	<SubTexture name="spooky DOWN note0006" x="1581" y="0" width="462" height="409" frameX="-5" frameY="0" frameWidth="467" frameHeight="409"/>
	<SubTexture name="spooky DOWN note0007" x="1581" y="0" width="462" height="409" frameX="-5" frameY="0" frameWidth="467" frameHeight="409"/>
	<SubTexture name="spooky DOWN note0008" x="1581" y="0" width="462" height="409" frameX="-5" frameY="0" frameWidth="467" frameHeight="409"/>
	<SubTexture name="spooky DOWN note0009" x="1581" y="0" width="462" height="409" frameX="-5" frameY="0" frameWidth="467" frameHeight="409"/>
	<SubTexture name="spooky DOWN note0010" x="1581" y="0" width="462" height="409" frameX="-5" frameY="0" frameWidth="467" frameHeight="409"/>
	<SubTexture name="spooky DOWN note0011" x="1581" y="0" width="462" height="409" frameX="-5" frameY="0" frameWidth="467" frameHeight="409"/>
	<SubTexture name="spooky DOWN note0012" x="1581" y="0" width="462" height="409" frameX="-5" frameY="0" frameWidth="467" frameHeight="409"/>
	<SubTexture name="spooky DOWN note0013" x="1581" y="0" width="462" height="409" frameX="-5" frameY="0" frameWidth="467" frameHeight="409"/>
	<SubTexture name="spooky DOWN note0014" x="1581" y="0" width="462" height="409" frameX="-5" frameY="0" frameWidth="467" frameHeight="409"/>
	<SubTexture name="spooky DOWN note0015" x="1581" y="0" width="462" height="409" frameX="-5" frameY="0" frameWidth="467" frameHeight="409"/>
	<SubTexture name="spooky DOWN note0016" x="1581" y="0" width="462" height="409" frameX="-5" frameY="0" frameWidth="467" frameHeight="409"/>
	<SubTexture name="spooky DOWN note0017" x="1581" y="0" width="462" height="409" frameX="-5" frameY="0" frameWidth="467" frameHeight="409"/>
	<SubTexture name="spooky DOWN note0018" x="1581" y="0" width="462" height="409" frameX="-5" frameY="0" frameWidth="467" frameHeight="409"/>
	<SubTexture name="spooky DOWN note0019" x="1581" y="0" width="462" height="409" frameX="-5" frameY="0" frameWidth="467" frameHeight="409"/>
	<SubTexture name="spooky DOWN note0020" x="1581" y="0" width="462" height="409" frameX="-5" frameY="0" frameWidth="467" frameHeight="409"/>
	<SubTexture name="spooky DOWN note0021" x="1581" y="0" width="462" height="409" frameX="-5" frameY="0" frameWidth="467" frameHeight="409"/>
	<SubTexture name="spooky DOWN note0022" x="1581" y="0" width="462" height="409" frameX="-5" frameY="0" frameWidth="467" frameHeight="409"/>
	<SubTexture name="spooky DOWN note0023" x="1581" y="0" width="462" height="409" frameX="-5" frameY="0" frameWidth="467" frameHeight="409"/>
	<SubTexture name="spooky DOWN note0024" x="1581" y="0" width="462" height="409" frameX="-5" frameY="0" frameWidth="467" frameHeight="409"/>
	<SubTexture name="spooky UP NOTE0000" x="2043" y="0" width="452" height="571" frameX="-22" frameY="0" frameWidth="489" frameHeight="571"/>
	<SubTexture name="spooky UP NOTE0001" x="2043" y="0" width="452" height="571" frameX="-22" frameY="0" frameWidth="489" frameHeight="571"/>
	<SubTexture name="spooky UP NOTE0002" x="2495" y="0" width="489" height="566" frameX="0" frameY="-5" frameWidth="489" frameHeight="571"/>
	<SubTexture name="spooky UP NOTE0003" x="2495" y="0" width="489" height="566" frameX="0" frameY="-5" frameWidth="489" frameHeight="571"/>
	<SubTexture name="spooky UP NOTE0004" x="2495" y="0" width="489" height="566" frameX="0" frameY="-5" frameWidth="489" frameHeight="571"/>
	<SubTexture name="spooky dance idle0000" x="2984" y="0" width="382" height="549" frameX="-110" frameY="0" frameWidth="493" frameHeight="549"/>
	<SubTexture name="spooky dance idle0001" x="2984" y="0" width="382" height="549" frameX="-110" frameY="0" frameWidth="493" frameHeight="549"/>
	<SubTexture name="spooky dance idle0002" x="3366" y="0" width="380" height="541" frameX="-108" frameY="-8" frameWidth="493" frameHeight="549"/>
	<SubTexture name="spooky dance idle0003" x="3366" y="0" width="380" height="541" frameX="-108" frameY="-8" frameWidth="493" frameHeight="549"/>
	<SubTexture name="spooky dance idle0004" x="0" y="571" width="358" height="484" frameX="-130" frameY="-65" frameWidth="493" frameHeight="549"/>
	<SubTexture name="spooky dance idle0005" x="0" y="571" width="358" height="484" frameX="-130" frameY="-65" frameWidth="493" frameHeight="549"/>
	<SubTexture name="spooky dance idle0006" x="0" y="571" width="358" height="484" frameX="-130" frameY="-65" frameWidth="493" frameHeight="549"/>
	<SubTexture name="spooky dance idle0007" x="0" y="571" width="358" height="484" frameX="-130" frameY="-65" frameWidth="493" frameHeight="549"/>
	<SubTexture name="spooky dance idle0008" x="358" y="571" width="493" height="532" frameX="0" frameY="-17" frameWidth="493" frameHeight="549"/>
	<SubTexture name="spooky dance idle0009" x="358" y="571" width="493" height="532" frameX="0" frameY="-17" frameWidth="493" frameHeight="549"/>
	<SubTexture name="spooky dance idle0010" x="851" y="571" width="482" height="525" frameX="-5" frameY="-24" frameWidth="493" frameHeight="549"/>
	<SubTexture name="spooky dance idle0011" x="851" y="571" width="482" height="525" frameX="-5" frameY="-24" frameWidth="493" frameHeight="549"/>
	<SubTexture name="spooky dance idle0012" x="0" y="571" width="358" height="484" frameX="-130" frameY="-65" frameWidth="493" frameHeight="549"/>
	<SubTexture name="spooky dance idle0013" x="0" y="571" width="358" height="484" frameX="-130" frameY="-65" frameWidth="493" frameHeight="549"/>
	<SubTexture name="spooky dance idle0014" x="0" y="571" width="358" height="484" frameX="-130" frameY="-65" frameWidth="493" frameHeight="549"/>
	<SubTexture name="spooky dance idle0015" x="0" y="571" width="358" height="484" frameX="-130" frameY="-65" frameWidth="493" frameHeight="549"/>
	<SubTexture name="spooky sing right0000" x="1333" y="571" width="496" height="516" frameX="0" frameY="-17" frameWidth="496" frameHeight="533"/>
	<SubTexture name="spooky sing right0001" x="1333" y="571" width="496" height="516" frameX="0" frameY="-17" frameWidth="496" frameHeight="533"/>
	<SubTexture name="spooky sing right0002" x="1829" y="571" width="486" height="533" frameX="0" frameY="0" frameWidth="496" frameHeight="533"/>
	<SubTexture name="spooky sing right0003" x="1829" y="571" width="486" height="533" frameX="0" frameY="0" frameWidth="496" frameHeight="533"/>
	<SubTexture name="spooky sing right0004" x="1829" y="571" width="486" height="533" frameX="0" frameY="0" frameWidth="496" frameHeight="533"/>
	<SubTexture name="spooky sing right0005" x="1829" y="571" width="486" height="533" frameX="0" frameY="0" frameWidth="496" frameHeight="533"/>
	<SubTexture name="spooky sing right0006" x="1829" y="571" width="486" height="533" frameX="0" frameY="0" frameWidth="496" frameHeight="533"/>
	<SubTexture name="spooky sing right0007" x="1829" y="571" width="486" height="533" frameX="0" frameY="0" frameWidth="496" frameHeight="533"/>
	<SubTexture name="spooky sing right0008" x="1829" y="571" width="486" height="533" frameX="0" frameY="0" frameWidth="496" frameHeight="533"/>
	<SubTexture name="spooky sing right0009" x="1829" y="571" width="486" height="533" frameX="0" frameY="0" frameWidth="496" frameHeight="533"/>
	<SubTexture name="spooky sing right0010" x="1829" y="571" width="486" height="533" frameX="0" frameY="0" frameWidth="496" frameHeight="533"/>
	<SubTexture name="spooky sing right0011" x="1829" y="571" width="486" height="533" frameX="0" frameY="0" frameWidth="496" frameHeight="533"/>
	<SubTexture name="spooky sing right0012" x="1829" y="571" width="486" height="533" frameX="0" frameY="0" frameWidth="496" frameHeight="533"/>
	<SubTexture name="spooky sing right0013" x="1829" y="571" width="486" height="533" frameX="0" frameY="0" frameWidth="496" frameHeight="533"/>
	<SubTexture name="spooky sing right0014" x="1829" y="571" width="486" height="533" frameX="0" frameY="0" frameWidth="496" frameHeight="533"/>
	<SubTexture name="spooky sing right0015" x="1829" y="571" width="486" height="533" frameX="0" frameY="0" frameWidth="496" frameHeight="533"/>
	<SubTexture name="spooky sing right0016" x="1829" y="571" width="486" height="533" frameX="0" frameY="0" frameWidth="496" frameHeight="533"/>
	<SubTexture name="spooky sing right0017" x="1829" y="571" width="486" height="533" frameX="0" frameY="0" frameWidth="496" frameHeight="533"/>
	<SubTexture name="spooky sing right0018" x="1829" y="571" width="486" height="533" frameX="0" frameY="0" frameWidth="496" frameHeight="533"/>
	<SubTexture name="spooky sing right0019" x="1829" y="571" width="486" height="533" frameX="0" frameY="0" frameWidth="496" frameHeight="533"/>
	<SubTexture name="spooky sing right0020" x="1829" y="571" width="486" height="533" frameX="0" frameY="0" frameWidth="496" frameHeight="533"/>
	<SubTexture name="spooky sing right0021" x="1829" y="571" width="486" height="533" frameX="0" frameY="0" frameWidth="496" frameHeight="533"/>
	<SubTexture name="spooky sing right0022" x="1829" y="571" width="486" height="533" frameX="0" frameY="0" frameWidth="496" frameHeight="533"/>
	<SubTexture name="spooky sing right0023" x="1829" y="571" width="486" height="533" frameX="0" frameY="0" frameWidth="496" frameHeight="533"/>
	<SubTexture name="spooky sing right0024" x="1829" y="571" width="486" height="533" frameX="0" frameY="0" frameWidth="496" frameHeight="533"/>
</TextureAtlas>
