﻿{
	"dialogue_pos": "right",
	"position": [
		-50,
		300
	],
	"scale": 1.3,
	"animations": [
		{
			"anim": "talk",
			"loop_offsets": [
				0,
				0
			],
			"idle_offsets": [
				0,
				-5
			],
			"loop_name": "Sans0",
			"idle_name": "Sans0"
		},
		{
			"loop_offsets": [
				5,
				0
			],
			"anim": "excited",
			"idle_offsets": [
				4,
				-8
			],
			"loop_name": "BF EXCITED LOOP",
			"idle_name": "BF EXCITED0"
		},
		{
			"loop_offsets": [
				0,
				0
			],
			"anim": "pissed",
			"idle_offsets": [
				0,
				0
			],
			"loop_name": "BF PISSED LOOP",
			"idle_name": "BF PISSED0"
		},
		{
			"loop_offsets": [
				-4,
				0
			],
			"anim": "shocked",
			"idle_offsets": [
				-6,
				-11
			],
			"loop_name": "BF SHOCK LOOP",
			"idle_name": "BF SHOCK0"
		},
		{
			"idle_offsets": [
				-6,
				-11
			],
			"anim": "confused",
			"loop_offsets": [
				-3,
				0
			],
			"idle_name": "BF CONFUSED0",
			"loop_name": "BF CONFUSED LOOP"
		}
	],
	"image": "Sans_Icon"
}